taxon,common_name,accession,length,a,c,g,t,other,syncmer_count,replicate_count,intersection_count,syncmer estimate of sequence identity,mash_containment_none_human,blast,L_left_p-value,L_right_p-value,L_two-sided_p-value,L_lower,L_mean,L_upper,theta_lower,theta_middle,theta_upper
Homo_sapiens_neanderthalensis,neanderthal,NC_011137.1,16565,5107,5174,2180,4104,0,2402,1,2402,1.0,1.0,1.0,0.9715082724391237,0.028491727560876257,0.05698345512175251,16557.662230893082,16814.0,17074.30459022014,0.0,0.0,0.0
Alouatta_seniculus,colombian red howler,NC_027825.1,16557,5419,4408,2123,4607,0,2371,4,182,0.819988135,0.820807896,0.7922,0.596624080925017,0.40337591907498305,0.8067518381499661,16342.333782305956,16597.0,16855.63303880724,0.16835015941768472,0.17919210384299877,0.18983166959959605
Bos_taurus_isolate_CLH_19,cattle,GU947021.1,16339,5455,4237,2198,4448,1,2341,2,130,0.79903711,0.800619757,0.7434,0.08680577372381826,0.9131942262761817,0.17361154744763652,16133.961844316786,16387.0,16644.004976796437,0.18691803861068154,0.19938024313618796,0.21152670915595778
Bufo_gargarizans,frog,NC_008410.1,17277,4992,4786,2647,4852,0,2468,7,45,0.736420918,0.734887002,0.7044,0.9999999726198018,2.7380198219795204e-08,5.476039643959041e-08,17016.138984958015,17276.0,17539.827836155207,0.24618789219654694,0.26511299802968946,0.2831736470119428
Cebus_albifrons,capuchin monkey,NC_002763.1,16554,5440,4358,2112,4644,0,2369,0,166,0.814204443,0.815071331,0.7931,0.5547208948499321,0.44527910515006786,0.8905582103001357,16328.44199833316,16583.0,16841.524822780062,0.17366490428926012,0.18492866940560182,0.19596102044343539
Crocodylus_porosus,crocodile,NC_008143.1,16916,5432,4791,2499,4194,0,2321,44,45,0.736420918,0.738366706,0.7067,0.007530761382933213,0.9924692386170668,0.015061522765866427,15995.053017945625,16247.0,16502.913803167598,0.24257882876678893,0.2616332937729021,0.279814536742713
Daubentonia_madagascariensis,aye-aye,NC_010299.1,16620,5411,4775,2151,4281,2,2329,21,133,0.800440632,0.80234318,0.7523,0.02259862991905356,0.9774013700809464,0.04519725983810712,16050.615986789519,16303.0,16559.35083432369,0.18530340425096042,0.19765681971670546,0.20970332229168678
Echinocrepis_rostrata,sea urchin,OR494080.1,15716,5401,3265,2215,4835,0,2232,6,18,0.686302129,0.690188252,0.7123,3.1618925719059353e-13,0.9999999999996838,6.323785143811871e-13,15376.96671485521,15624.0,15875.000106257983,0.2822813270719123,0.3098117480314322,0.33554413297570845
Equus_caballus,horse,AY584828.1,16596,5341,4746,2229,4280,0,2356,20,134,0.800901983,0.802094147,0.7501,0.2884099167265234,0.7115900832734766,0.5768198334530468,16238.146518251553,16492.0,16749.82030286164,0.18560384644086994,0.197905853266386,0.20990295070580733
Eudyptes_chrysolophus,penguin,NC_054275.1,17059,5208,5605,2381,3865,0,2377,41,57,0.749934303,0.750538101,0.6931,0.7141944289930373,0.2858055710069627,0.5716111420139254,16384.00940765369,16639.0,16897.957413459517,0.23215832792114063,0.2494618988446896,0.2660523209733289
Giraffa_camelopardalis_camelopardalis_isolate_GF272,giraffe,OM974096.1,16434,5495,4281,2225,4433,0,2364,1,126,0.797118499,0.798096895,0.7405,0.4483015771898418,0.5516984228101582,0.8966031543796836,16293.712738323826,16548.0,16806.254082789397,0.18929413018174063,0.20190310535638045,0.21418398837217656
Gorilla_gorilla,western gorilla,NC_001645.1,16364,5059,5022,2160,4123,0,2378,1,657,0.905089904,0.905789316,0.8955,0.7321045911036212,0.26789540889637875,0.5357908177927575,16390.955385011257,16646.0,16905.011436101937,0.08825884909027774,0.09421068395848498,0.10025080165717337
Graptemys_ouachitensis,turtle,NC_071766.1,16674,5689,4328,2172,4485,0,2381,9,54,0.746821791,0.74732642,0.7016,0.782222580487212,0.21777741951278795,0.4355548390255759,16411.793385168537,16667.0,16926.17343594467,0.2349981211254705,0.25267358048478017,0.2696022895060812
Latimeria_menadoensis,fish,NC_006921.2,16446,5693,4404,2436,3913,0,2376,4,60,0.752899118,0.753529693,0.6893,0.6957339760485255,0.3042660239514745,0.608532047902949,16377.063441655497,16632.0,16890.903379457726,0.22951463866870447,0.2464703072465576,0.2627437757736404
Loxodonta_cyclotis_isolate_Coco,elephant,NC_020759.1,16109,5295,4018,2139,4657,0,2325,1,77,0.767486233,0.769412184,0.7277,0.013316495454656036,0.9866835045453439,0.026632990909312072,16022.834408428447,16275.0,16531.13241268476,0.21519706637490132,0.23058781636792036,0.24543297691162266
Mus_musculus_molossinus,mouse,NC_006915.1,16300,5636,4001,2014,4649,0,2335,2,113,0.790469348,0.792191394,0.7222,0.0463084517243972,0.9536915482756028,0.0926169034487944,16092.288705545565,16345.0,16601.678115567644,0.19461598260452564,0.2078086064179796,0.22063093698009442
Nasalis_larvatus,proboscis monkey,NC_008216.1,16570,5387,4400,2083,4700,0,2375,0,195,0.824351498,0.825068633,0.7935,0.6767607165231483,0.3232392834768517,0.6464785669537034,16370.117487023803,16625.0,16883.84933408942,0.16439839150415325,0.17493136688589606,0.18528265738984162
Nomascus_leucogenys,gibbon,NC_021957.1,16478,5096,5199,2232,3951,0,2345,1,373,0.866522171,0.868124472,0.8433,0.12576331282422987,0.8742366871757701,0.25152662564845973,16161.744169375728,16415.0,16672.222651737466,0.12394231336548511,0.13187552822590076,0.13979316740653996
Ornithorhynchus_anatinus,platypus,NC_000891.1,17019,5349,4000,2319,5351,0,2391,51,85,0.773344076,0.773617177,0.6912,0.9057155438891987,0.09428445611080127,0.18856891222160255,16481.254121113117,16737.0,16996.712700000076,0.2116312692559656,0.226382823390485,0.24063825596713986
Pan_paniscus,bonobo,NC_001644.1,16563,5189,5084,2104,4186,0,2375,2,854,0.923533561,0.924336978,0.915,0.6767607165231483,0.3232392834768517,0.6464785669537034,16370.117487023803,16625.0,16883.84933408942,0.07058857265285734,0.07566302167413508,0.08086743722095673
Pan_troglodytes,chimpanzee,NC_001643.1,16554,5154,5099,2133,4168,0,2380,1,846,0.922865176,0.9235186,0.9138,0.7661453380099936,0.23385466199000637,0.46770932398001275,16404.847373775832,16660.0,16919.11944733739,0.07137376274339444,0.07648140021029504,0.08171700752464643
Papio_papio,guinea baboon,NC_020009.2,16505,5180,5044,2171,4110,0,2341,1,199,0.825640094,0.827275434,0.7923,0.08680577372381826,0.9131942262761817,0.17361154744763652,16133.961844316786,16387.0,16644.004976796437,0.16226827931947593,0.17272456640728606,0.18300691986348067
Pelagia_noctiluca,jellyfish,NC_080358.1,16390,4351,3268,3409,5362,0,2299,0,3,0.597939932,0.599959196,0.6715,0.00015421020947522257,0.9998457897905247,0.00030842041895044514,15842.258750422028,16093.0,16347.708070691166,0.3444474757591595,0.4000408044803029,0.4491762774706221
Pongo_abelii,orangutan,NC_002083.1,16499,5031,5403,2176,3889,0,2356,2,420,0.874468822,0.875770492,0.8563,0.2884099167265234,0.7115900832734766,0.5768198334530468,16238.146518251553,16492.0,16749.82030286164,0.11672985941994521,0.12422950813552269,0.13173742828782234
Trimerodytes_annularis,snake,NC_063962.1,17511,5964,4989,2317,4241,0,2448,64,48,0.740085971,0.739006823,0.6962,0.999993641284208,6.3587157920208526e-06,1.2717431584041705e-05,16877.201608543473,17136.0,17398.76521256972,0.24252942229279842,0.2609931771955245,0.2786360478041095
